hyponim|hyponim1|hyperonim|text|link|bool|comment
Капельмейстер|Капельмейстер|руководитель хоровой капеллы|Капельмейстер - это руководитель хоровой капеллы и/или оркестра.|https://ru.wikipedia.org/wiki/%D0%9A%D0%B0%D0%BF%D0%B5%D0%BB%D1%8C%D0%BC%D0%B5%D0%B9%D1%81%D1%82%D0%B5%D1%80|1|0
Капельмейстер|Капельмейстер|дирижер|Капельмейстер - дирижер военного духового оркестра.|https://kartaslov.ru/%D0%B7%D0%BD%D0%B0%D1%87%D0%B5%D0%BD%D0%B8%D0%B5-%D1%81%D0%BB%D0%BE%D0%B2%D0%B0/%D0%BA%D0%B0%D0%BF%D0%B5%D0%BB%D1%8C%D0%BC%D0%B5%D0%B9%D1%81%D1%82%D0%B5%D1%80|1|0
Капельмейстер|Капельмейстер|руководитель военного оркестра|Капельмейстер - руководитель военного оркестра|https://kartaslov.ru/%D0%B7%D0%BD%D0%B0%D1%87%D0%B5%D0%BD%D0%B8%D0%B5-%D1%81%D0%BB%D0%BE%D0%B2%D0%B0/%D0%BA%D0%B0%D0%BF%D0%B5%D0%BB%D1%8C%D0%BC%D0%B5%D0%B9%D1%81%D1%82%D0%B5%D1%80|1|0
Капельмейстер|дирижер|профессия |Дирижер - профессия штучная, эксклюзивная, которой научить практически нельзя. Дирижером надо родиться. К этой профессии идут годами.|http://obrazovanie66.ru/prof/dirizher/|1|0
Капельмейстер|Профессия|род трудовой деятельности | Профе́ссия (лат. professio; от profiteor — «объявляю своим делом»[1]) — род трудовой деятельности человека, обычно его источник существования. |https://ru.wikipedia.org/wiki/%D0%9F%D1%80%D0%BE%D1%84%D0%B5%D1%81%D1%81%D0%B8%D1%8F|0|капельмейстер=>дирижер=>профессия
Каперс|Каперс|растение| Каперсы - род растений семейства Каперсовые (Capparidaceae), иногда род относят к семейству Капустные (Brassicaceae).|https://ru.wikipedia.org/wiki/%D0%9A%D0%B0%D0%BF%D0%B5%D1%80%D1%81%D1%8B|1|0
Каперс|Каперс|бутон | Каперсы — нераспустившиеся бутоны колючего кустарника Capparis spinosa.|https://eda.ru/wiki/ingredienty/ovoschi-korneplody/kapersi-13534|1|0
Каперс|Каперс|еда| Каперсы – это не еда, а скорее, украшение еды|https://www.gastronom.ru/text/kapersy-chto-jeto-takoe-i-s-chem-ih-edjat-1009873|1|0
Каперс|Каперс|овощ |Каперс - забытый овощ. Многие хозяйки, которым попадались книги кулинарных рецептов прошлых лет (особенно дореволюционные), обращали внимание на присутствие такой пряности, как каперсы. Сейчас же они почти забыты.|https://garden.cofe.ru/dachnye-ekzoty/kapers-zabyityiy-ovoshh|1|0
Каперс|Каперс|плод кустарника| каперс - ароматический и возбуждающий плод кустарника, распространенного на востоке. Применяется как приправа. В русском переводе Библии это слово употреблено фигурально, в оригинале сказано прямо: «и желание исчезнет».|https://gufo.me/dict/bible_vihlyancev/%D0%BA%D0%B0%D0%BF%D0%B5%D1%80%D1%81|1|0
КАПРИС|КАПРИС|название пьессы | Итальянское слово «capriccio» означает каприз, прихоть. Каприс называют пьесы, свободные по построению, капризного, изменчивого характера. Таково, например, Итальянское каприччио Чайковского, написанное под впечатлением его поездки в Италию. В этом оркестровом каприччио использованы разнообразные народные напевы и ритмы, благодаря которым создается красочная картина веселого итальянского карнавала.|https://www.classic-music.ru/capriccio.html|1|0
КАПРИС|пьеса|произведение| Пье́са (от фр. Pièce — произведение, отрывок, часть) — видовое название произведений драматургии, предназначенных для исполнения со сцены, а также для теле- и радиоспектаклей|https://ru.wikipedia.org/wiki/%D0%9F%D1%8C%D0%B5%D1%81%D0%B0|0|каприс=>пьеса
КАПРИС|КАПРИС|произведение академической музыки|Капри́ччио (итал. Capriccio, также каприс, фр. caprice; букв. каприз, прихоть; причудливый изыск) — произведение академической музыки, написанное в свободной форме.|https://ru.wikipedia.org/wiki/%D0%9A%D0%B0%D0%BF%D1%80%D0%B8%D1%87%D1%87%D0%B8%D0%BE_(%D0%BC%D1%83%D0%B7%D1%8B%D0%BA%D0%B0)|1|0
КАПРИС|КАПРИС|жанр|Каприс - это старый жанр, это слово известно с XVI века.|https://www.classic-music.ru/capriccio.html|1|0
КАПРИС|КАПРИС|пьеса |Каприс - это инструментальная пьеса свободной формы, в блестящем виртуозном стиле. Для множества каприччио типична причудливая смена эпизодов, настроений.|https://www.classic-music.ru/capriccio.html|1|0
КАПРИЧЧИО|КАПРИЧЧИО|жанр пейзажной живописи | Каприччио (итал. capriccio, буквально «каприз») — жанр пейзажной живописи, популярный в XVII—XVIII веках. На картинах этого жанра изображались архитектурные фантазии, в основном руины вымышленных античных сооружений. Для оживления пейзажа нередко использовался стаффаж. Каприччио тесно связан с жанром ведуты. На некоторых картинах элементы каприччио могут сочетаться с другими жанрами.|https://ru.wikipedia.org/wiki/%D0%9A%D0%B0%D0%BF%D1%80%D0%B8%D1%87%D1%87%D0%B8%D0%BE_(%D0%B6%D0%B8%D0%B2%D0%BE%D0%BF%D0%B8%D1%81%D1%8C)|1|0
КАПРИЧЧИО|КАПРИЧЧИО|инструментальная пьесса| Каприччио - Инструментальная пьеса свободной формы, в блестящем виртуозном стиле. Для множества каприччио типична причудливая смена эпизодов, настроений.|https://www.belcanto.ru/capriccio.html|1|0
КАПРИЧЧИО|КАПРИЧЧИО|вокальное многоголосое произведение| Первоначально каприччио называли вокальное многоголосое произведение|https://www.classic-music.ru/capriccio.html|1|0
КАПРИЧЧИО|пицца|блюдо|Пи́цца (итал. pizza) — итальянское национальное блюдо в виде круглой открытой дрожжевой лепёшки, покрытой в классическом варианте томатным соусом и расплавленным сыром[1]. Сыр (как правило, моцарелла) является главным ингредиентом начинки пиццы. Одно из самых популярных блюд в мире, как в домашней кухне, так и в ресторанах, кафе и фастфуде.|https://ru.wikipedia.org/wiki/%D0%9F%D0%B8%D1%86%D1%86%D0%B0|0|каприччио=>еда=>пицца
КАПРИЧЧИО|КАПРИЧЧИО|пицца| Каприччио это пицца с ветчиной и грибами|http://nyam.ru/recipes/vypechka/picca/picca-kaprichchio-s-vetchinoj-i-gribami|1|0
КАПУСТНИЦА|КАПУСТНИЦА|бабочка| Капустница - дневная бабочка из семейства белянок (Pieridae). Видовой эпитет происходит от лат. Brassica — капуста, одно из кормовых растений гусениц.|https://ru.wikipedia.org/wiki/%D0%9A%D0%B0%D0%BF%D1%83%D1%81%D1%82%D0%BD%D0%B8%D1%86%D0%B0_(%D0%B1%D0%B0%D0%B1%D0%BE%D1%87%D0%BA%D0%B0)|1|0
КАПУСТНИЦА|КАПУСТНИЦА|вредитель| капустница - вредитель относится к отряду Чешуекрылые, семейству Белянки.|https://www.avgust.com/atlas/v/detail.php?ID=6403|1|0
КАПУСТНИЦА|КАПУСТНИЦА|суп | Капустница (капустняк, капусняк, капуста) — традиционный вид супов из квашеной капусты[1]. Является аналогом русских щей, но не следует считать это одним и тем же блюдом, так как капустница готовится исключительно из квашеной капусты[2]. Традиционное блюдо на рождественском столе.[3]|https://ru.wikipedia.org/wiki/%D0%9A%D0%B0%D0%BF%D1%83%D1%81%D1%82%D0%BD%D0%B8%D1%86%D0%B0_(%D1%81%D1%83%D0%BF)|0|Синоним капустница
КАПУСТНИЦА|Капустная белянка|Капустница - вредитель крастноцветных |Капустная белянка (капустница) – вредитель крестоцветных. Питаются гусеницы. Особенно сильно повреждает белокочанную и цветную капусту, а также брюкву, репу, редис, редьку, турнепс, хрен, рапс, горчицу, индау. Размножение двуполое. Развитие полное. Зимуют диапаузирующие куколки. В течение вегетационного периода развивается до пяти поколений.[5]|http://www.pesticidy.ru/%D0%91%D0%B5%D0%BB%D1%8F%D0%BD%D0%BA%D0%B0_%D0%BA%D0%B0%D0%BF%D1%83%D1%81%D1%82%D0%BD%D0%B0%D1%8F|1|0
КАПУСТНИЦА|КАПУСТНИЦА|насекомое| Капустница - это насекомое является представителем обширнейшего семейства белянок, гигантский вред оно причиняет преимущественно насаждениям капусты и крестоцветным овощам. Крылышки у нее белые с характерными черными пятнышками, в размахе достигают 6,3 см. Гусеницы у этой бабочки зеленовато-желтой окраски, покрытые коротенькими темными шерстинками, имеют на спинке желтые полоски. В стадии куколки насекомые прячутся на заборе, в коре растений, среди камней.|https://35media.ru/articles/2018/06/22/babochki-vrediteli-ne-lyubyat-valeryanku|1|0
КАРАВЕЛЛА|КАРАВЕЛЛА|судно|Караве́лла — тип парусного судна, распространённый в Европе, особенно в Португалии и Испании.|https://ru.wikipedia.org/wiki/%D0%9A%D0%B0%D1%80%D0%B0%D0%B2%D0%B5%D0%BB%D0%BB%D0%B0|1|0
КАРАВЕЛЛА|КАРАВЕЛЛА|корабль|Каравелла - это быстрый корабль, используемый в основном на xv. |https://educalingo.com/ru/dic-fr/caravelle|1|0
КАРАВЕЛЛА|КАРАВЕЛЛА|самолет средней дальности|Другим определением каравелла является самолет средней дальности.|https://educalingo.com/ru/dic-fr/caravelle|1|0
КАРАВЕЛЛА|КАРАВЕЛЛА|парусное судно | Каравелла — тип парусного судна, распространённый в Европе, особенно в Португалии и Испании, во второй половине XV — начале XVII века. Один из первых и наиболее известный тип кораблей, с которых начиналась эпоха Великих географических открытий.|https://ru.wikipedia.org/wiki/%D0%9A%D0%B0%D1%80%D0%B0%D0%B2%D0%B5%D0%BB%D0%BB%D0%B0|1|0
КАРАВЕЛЛА|КАРАВЕЛЛА|европейский автомобиль| Караве́лла - европейский автомобиль.|https://www.volkswagen-commercial.ru/ru/models/caravelle.html|1|0
КАРАКАТИЦА|КАРАКАТИЦА|моллюск| Карака́тицы (лат. Sepiida) — отряд моллюсков из класса головоногих.|https://ru.wikipedia.org/wiki/%D0%9A%D0%B0%D1%80%D0%B0%D0%BA%D0%B0%D1%82%D0%B8%D1%86%D1%8B|1|0
КАРАКАТИЦА|КАРАКАТИЦА|головоногое|Хоть каракатица (лат. Sepiida) и принадлежит к классу головоногих, с другими моллюсками ее почти ничего не роднит. Взять хотя бы панцирь, который у каракатицы находится не снаружи, а внутри тела и отвечает за ее плавучесть. А тот факт, что это существо имеет целых три сердца, достоин внесения в морскую Книгу рекордов Гиннеса. Два из сердец координируют работу жабр, а третье ответственно за функционирование нервной системы.|http://www.zoopicture.ru/karakaticy/|1|0
КАРАКАТИЦА|КАРАКАТИЦА|животное|Карака́тицы - царство животных|https://ru.wikipedia.org/wiki/%D0%9A%D0%B0%D1%80%D0%B0%D0%BA%D0%B0%D1%82%D0%B8%D1%86%D1%8B|1|0
КАРАКАТИЦА|моллюск|мягкотелое животное|Моллюски — мягкотелые животные, о чем говорит их название, которое в переводе с латинского означает «мягонький». |https://web-zoopark.ru/nauka_o_zhivotnih/iglokozhie-i-mollyuski.html|0|каракатица=>моллюск
КАРАКАТИЦА|моллюск|морской обитатель|Морские звезды, лобстеры, скаты и моллюски и другие морские обитатели стали жертвой "звезды востока"|||
КАРАКУРТ|КАРАКУРТ|вид пауков|Караку́рт — вид пауков из рода чёрных вдов. Латинское название вида передаёт внешние морфологические признаки: тринадцать точек или пятен на верхней стороне брюшка.|https://ru.wikipedia.org/wiki/%D0%9A%D0%B0%D1%80%D0%B0%D0%BA%D1%83%D1%80%D1%82|1|0
КАРАКУРТ|КАРАКУРТ|черная вдова|Караку́рт - род чёрные вдовы|https://ru.wikipedia.org/wiki/%D0%9A%D0%B0%D1%80%D0%B0%D0%BA%D1%83%D1%80%D1%82|1|0
КАРАКУРТ|КАРАКУРТ|членистоногое|Караку́рт - тип членистоногие|https://ru.wikipedia.org/wiki/%D0%9A%D0%B0%D1%80%D0%B0%D0%BA%D1%83%D1%80%D1%82|1|0
КАРАКУРТ|паук|насекомое|Многие уверены, что пауки - то насекомые, хотя это отдельный отряд и отдельный класс – паукообразные (Arachnida, подтип Хелицеровые - Chelicerata, тип Членистоногие). |http://www.vokrugsveta.ru/encyclopedia/index.php?title=%D0%9F%D0%B0%D1%83%D0%BA%D0%B8|0|Паук=>насекомое или нет (с точки зрения науки - нет, но многие считают)
КАРАКУРТ|паук|животное|С научной точки зрения считается, что пауки - это животные, относящиеся к типу членистоногих, классу паукообразных. |https://yandex.ru/znatoki/question/animals/pauk_nasekomoe_ili_zhivotnoe_80a42e05/|0|Паук => животное
КАРБАС|КАРБАС|лодка|Карбас - большая лодка для рыбного промысла (на Белом и Баренцевом морях)|https://www.google.com/search?biw=1536&bih=754&sxsrf=ACYBGNSUiy6Rls40r0TxmXIBQT7qR-in9A%3A1581885158165&ei=5qZJXrLfCd2Ik74PydWFmA0&q=%D0%9A%D0%90%D0%A0%D0%91%D0%90%D0%A1&oq=%D0%9A%D0%90%D0%A0%D0%91%D0%90%D0%A1&gs_l=psy-ab.3..0l4j0i10l6.17392.17392..17764...0.0..0.177.333.0j2......0....2j1..gws-wiz.......35i39.0TxWI4xawzc&ved=0ahUKEwiy6rW39dbnAhVdxMQBHclqAdMQ4dUDCAs&uact=5|1|0
КАРБАС|КАРБАС|судно |Ка́рбас - судно среднего размера, одно из основных у поморов и распространённое у других жителей Севера и Сибири, начиная не позднее чем с XV[2] и до середины XX века. Для поморского диалекта русского языка характерно произношение с ударением на первый слог и форма множественного числа «карбаса́»[3].|https://ru.wikipedia.org/wiki/%D0%9A%D0%B0%D1%80%D0%B1%D0%B0%D1%81|1|0
КАРБАС|КАРБАС|транспортное судно |Карбас - это промысловое и транспортное судно среднего размера, одно из основных у поморов и распространённое у других жителей Севера и Сибири, начиная не позднее чем с XV[2] и до середины XX века. Для поморского диалекта русского языка характерно произношение с ударением на первый слог и форма множественного числа «карбаса́»[3].|https://ru.wikipedia.org/wiki/%D0%9A%D0%B0%D1%80%D0%B1%D0%B0%D1%81|1|0
КАРБАС|судно|плавучее сооружение|Су́дно — плавучее сооружение, предназначенное для транспортных, промысловых, военных, научных, спортивных и других целей|https://ru.wikipedia.org/wiki/%D0%A1%D1%83%D0%B4%D0%BD%D0%BE|0|Карбас =>судно=>транспортное средство
КАРБАС|судно|средство передвижения|Крупное морское судно - Средство передвижения, на котором путешествуют или перевозят что-либо по воде или по воздуху|https://studfile.net/preview/5247967/page:8/|0|Карбас =>судно=>средство передижения
КАРБИД|КАРБИД|соединение металлов и неметаллов|Карбиды — соединения металлов и неметаллов с углеродом. Традиционно к карбидам относят соединения, где углерод имеет бо́льшую электроотрицательность, чем второй элемент (таким образом из карбидов исключаются такие соединения углерода, как оксиды, галогениды и т. п.)|https://ru.wikipedia.org/wiki/%D0%9A%D0%B0%D1%80%D0%B1%D0%B8%D0%B4%D1%8B|1|0
КАРБИД|КАРБИД|тугоплавкое твердое вещество|Карбиды — тугоплавкие твёрдые вещества. Они нелетучи и не растворимы ни в одном из известных растворителей. Карбиды бора и кремния (В4С и SiC), титана, вольфрама, циркония (TiC, WC и ZrC соответственно) обладают высокой твёрдостью, жаростойкостью, химической инертностью.|https://ru.wikipedia.org/wiki/%D0%9A%D0%B0%D1%80%D0%B1%D0%B8%D0%B4%D1%8B|1|0
КАРБИД|КАРБИД|вещество|Карбиды — тугоплавкие твёрдые вещества. Они нелетучи и не растворимы ни в одном из известных растворителей. Карбиды бора и кремния (В4С и SiC), титана, вольфрама, циркония (TiC, WC и ZrC соответственно) обладают высокой твёрдостью, жаростойкостью, химической инертностью.|https://ru.wikipedia.org/wiki/%D0%9A%D0%B0%D1%80%D0%B1%D0%B8%D0%B4%D1%8B|1|0
КАРБИД|КАРБИД|химическое соединение|Карбиды - химические соединения, которые получаеются в результате щелочных реакций углерода с металлами. В большинстве случаев получаются сверхтвердые сплавы, сравнимые по своим твердостным характеристикам с алмазом.|http://himopttorg.ru/spravochnik-khimopttorg/karbid-kaltsiya-ispolzovanie-i-mery-predostorozhnosti/|1|0
КАРБИД|КАРБИД|композит|Карбид - это композит, который состоит из твердого материала и относительного мягкого связующего вещества. Он отличается чрезвычайно высокой твердостью при стандартных и высоких температурах, а также повышенной износостойкостью. Этот материал применяется при производстве инструментов или компонентов в большом количестве областей, где требуется особая износостойкость (например, при обработке твердых материалов). Карбид улучшает качество инструментов и компонентов, повышает продолжительность их срока службы и обеспечивает безопасность технологических процессов.|https://www.ceratizit.com/ru/home/karbid-volframa/|1|0
КАРДИОМИОПАТИЯ|КАРДИОМИОПАТИЯ|первичное заболевнаие сердечной системы|Кардиомиопатия - это первичные заболевания сердечной мышцы. Их надо отличать от структурных заболеваний сердца, таких как ишемическая болезнь сердца, патология клапанного аппарата, врожденные пороки сердца. На основании патологических признаков кардиомиопатии подразделяются на 3 основных типа: (см. рисунок Типы кардиомиопатии [Forms of cardiomyopathy]):|https://www.msdmanuals.com/ru/%D0%BF%D1%80%D0%BE%D1%84%D0%B5%D1%81%D1%81%D0%B8%D0%BE%D0%BD%D0%B0%D0%BB%D1%8C%D0%BD%D1%8B%D0%B9/%D0%BD%D0%B0%D1%80%D1%83%D1%88%D0%B5%D0%BD%D0%B8%D1%8F-%D1%81%D0%B5%D1%80%D0%B4%D0%B5%D1%87%D0%BD%D0%BE-%D1%81%D0%BE%D1%81%D1%83%D0%B4%D0%B8%D1%81%D1%82%D0%BE%D0%B9-%D1%81%D0%B8%D1%81%D1%82%D0%B5%D0%BC%D1%8B/%D0%BA%D0%B0%D1%80%D0%B4%D0%B8%D0%BE%D0%BC%D0%B8%D0%BE%D0%BF%D0%B0%D1%82%D0%B8%D0%B8/%D0%BE%D0%B1%D0%B7%D0%BE%D1%80-%D0%BA%D0%B0%D1%80%D0%B4%D0%B8%D0%BE%D0%BC%D0%B8%D0%BE%D0%BF%D0%B0%D1%82%D0%B8%D0%B9-overview-of-cardiomyopathies|1|0
КАРДИОМИОПАТИЯ|КАРДИОМИОПАТИЯ|нарушение функционирования миокарда |Дилатационная Кардиомиопатия - нарушение функционирования миокарда, приводящее к сердечной недостаточно­сти, при которой преобладают дилатация желудочков и систолическая дисфункция. Симптомы включают одышку, усталость и периферические отеки. Диагноз устанавливают на основании клинических данных и повышенного содержания натрийуретических пептидов, результатов рентгенографии грудной клетки, эхокардиографии и МРТ. Лечение ориентировано на устранение причины заболевания. Если сердечная недостаточность является тяжелой и прогрессирующей, могут быть показаны: ресинхронизирующая сердечная терапия, ИКД, ликвидация тяжелой митральной регургитации или трансплантация сердца.|https://www.msdmanuals.com/ru/%D0%BF%D1%80%D0%BE%D1%84%D0%B5%D1%81%D1%81%D0%B8%D0%BE%D0%BD%D0%B0%D0%BB%D1%8C%D0%BD%D1%8B%D0%B9/%D0%BD%D0%B0%D1%80%D1%83%D1%88%D0%B5%D0%BD%D0%B8%D1%8F-%D1%81%D0%B5%D1%80%D0%B4%D0%B5%D1%87%D0%BD%D0%BE-%D1%81%D0%BE%D1%81%D1%83%D0%B4%D0%B8%D1%81%D1%82%D0%%D0%B9-%D1%81%D0%B8%D1%81%D1%82%D0%B5%D0%BC%D1%8B/%D0%BA%D0%B0%D1%80%D0%B4%D0%B8%D0%BE%D0%BC%D0%B8%D0%BE%D0%BF%D0%B0%D1%82%D0%B8%D0%B8/%D0%B4%D0%B8%D0%BB%D0%B0%D1%82%D0%B0%D1%86%D0%B8%D0%BE%D0%BD%D0%BD%D0%B0%D1%8F-%D0%BA%D0%B0%D1%80%D0%B4%D0%B8%D0%BE%D0%BC%D0%B8%D0%BE%D0%BF%D0%B0%D1%82%D0%B8%D1%8F|1|0
КАРДИОМИОПАТИЯ|КАРДИОМИОПАТИЯ|заболевание миокарда|Кардиомиопатия - гетерогенная группа заболеваний миокарда, связанных с механической или электрической дисфункцией, которая обычно проявляется неадекватной гипертрофией или дилатацией. Кардиомиопатии могут как изолированно поражать только сердце, так и быть частью генерализованного системного заболевания, часто приводят к сердечно-сосудистой смерти или к инвалидизации, обусловленной прогрессирующей сердечной недостаточностью.|https://ru.wikipedia.org/wiki/%D0%9A%D0%B0%D1%80%D0%B4%D0%B8%D0%BE%D0%BC%D0%B8%D0%BE%D0%BF%D0%B0%D1%82%D0%B8%D0%B8|1|0
КАРДИОМИОПАТИЯ|КАРДИОМИОПАТИЯ|сердечная патология |Кардиомиопатия - это сердечная патология, характеризующаяся поражением миокарда (мышечного, срединно-расположенного слоя сердца). При заболевании отмечается нарушение циркуляции крови по всему организму, что негативно отражается на его функционировании и провоцирует угрозу для жизни человека.|https://www.smclinic.ru/diseases/k/kardiomiopatiya/|1|0
КАРДИОМИОПАТИЯ|КАРДИОМИОПАТИЯ|группа заболеваний сердца|Кардиомиопатия (КМП) — это группа заболеваний сердца, главной характеристикой которых является наличие дефектов в самой сердечной мышце, миокарде. При этом причины возникновения патологии и характер повреждения мышцы могут сильно различаться, что влечет за собой разницу в симптомах болезни и ее лечении.|https://odrex.ua/treatment/kardiomiopatii/|1|0
КАРЕТКА|КАРЕТКА|часть велосипеда|Велосипедная каретка (англ. bottom bracket) — часть велосипеда, соединяющая, с одной стороны, шатуны педалей и ведущую звезду и раму велосипеда, с другой стороны. Каретка позволяет свободно вращать шатуны педалей, приводить в движение велосипедную трансмиссию, при этом обеспечивая её жесткую фиксацию на велосипеде. Конструктивно представляет собой вал, систему подшипников и стакан, фиксирующий на каретку элемент на раме.|https://ru.wikipedia.org/wiki/%D0%92%D0%B5%D0%BB%D0%BE%D1%81%D0%B8%D0%BF%D0%B5%D0%B4%D0%BD%D0%B0%D1%8F_%D0%BA%D0%B0%D1%80%D0%B5%D1%82%D0%BA%D0%B0|1|0
КАРЕТКА|КАРЕТКА|часть механизма|КАРЕТКА — часть механизма или машины, передвигающаяся по направляющим или, реже, вращающаяся в подшипниках (в металлорежущих станках — часть суппорта, в пишущих машинках — рамка с валиком для бумаги, в ткацких станках — часть механизма, изготавливающая мелкоузорчатые или сложные переплетения тканей, в велосипедах — педальный механизм и др.).|https://polytechnic_dictionary.academic.ru/875/%D0%9A%D0%90%D0%A0%D0%95%D0%A2%D0%9A%D0%90|1|0
КАРЕТКА|КАРЕТКА|часть машины|КАРЕТКА — часть машины, передвигающаяся по направляющим или, реже, вращающаяся в подшипниках (в металлорежущих станках — часть суппорта, в пишущих машинках — рамка с валиком для бумаги, в ткацких станках — часть механизма, изготавливающая мелкоузорчатые или сложные переплетения тканей, в велосипедах — педальный механизм и др.).|https://polytechnic_dictionary.academic.ru/875/%D0%9A%D0%90%D0%A0%D0%95%D0%A2%D0%9A%D0%90|1|0
КАРЕТКА|КАРЕТКА|рабочий орган вязаотной машины|Каретка - это самый важный рабочий орган вязальной машины. Используя рычаги управления расположенные на каретке, можно управлять работой иголок для выполнения различных переплетений. То есть, при вязании узоров и сложных рисунков, иголки будут выдвигаться в рабочее или нерабочее положении. Те иголки, которые в рабочем положении, каретка будет провязывать и наоборот. Если каретка движется слева направо, то пользуются рычагами справа, и наоборот - это важный момент. Управление рычагами каретки вязальной машины при вязании различных узоров предпочтительней осваивать опытным путем.|http://www.shyu.ru/shvejnye-terminy-k.html|1|0
КАРЕТКА|КАРЕТКА|узел|Каретка - узел, помещающийся в кареточной трубе. Каретка состоит из вала (оси) каретки, подшипников и двух шатунов.|https://sportextrem.ru/articles/poleznoe/slovar-velosipednykh-terminov/|1|0
КАРТ|КАРТ|автомобиль |КАРТ (англ. cart) - гоночный микролитражный автомобиль без кузова, дифференциала и упругой подвески колес для соревнований на небольшой площадке (картинг). Двигатель 2-тактный с рабочим объемом до 250 см³. Максимальная скорость 150 км/ч.|https://dic.academic.ru/dic.nsf/enc3p/149898|1|0
КАРТ|КАРТ|гоночный автомобиль|КАРТ (англ. cart) - гоночный микролитражный автомобиль без кузова, дифференциала и упругой подвески колес для соревнований на небольшой площадке (картинг). Двигатель 2-тактный с рабочим объемом до 250 см³. Максимальная скорость 150 км/ч.|https://dic.academic.ru/dic.nsf/enc3p/149898|1|0
КАРТ|автомобиль|транспорт|Автомобиль — средство безрельсового транспорта с собственным двигателем|https://ru.wikipedia.org/wiki/%D0%A2%D1%80%D0%B0%D0%BD%D1%81%D0%BF%D0%BE%D1%80%D1%82|0|карт=>автомобиль=>транспорт
КАРТ|КАРТ|машина|основной парк наших машин - это карт|https://www.kartracing.ru/%D1%83%D1%81%D1%82%D1%80%D0%BE%D0%B9%D1%81%D1%82%D0%B2%D0%BE-%D0%BA%D0%B0%D1%80%D1%82%D0%B0/|1|0
КАРТ|автомобиль|средство передвижения|Автомобиль — это и роскошь, и средство передвижения|https://www.ntv.ru/novosti/3179/|0|карт=>автомобиль=>средство передвижения
КАРТИНГИСТ|КАРТИНГИСТ|спортсмен|картингист - спортсмен, занимающийся картингом|https://ru.wiktionary.org/wiki/%D0%BA%D0%B0%D1%80%D1%82%D0%B8%D0%BD%D0%B3%D0%B8%D1%81%D1%82|1|0
КАРТИНГИСТ|КАРТИНГИСТ|участник картинга|картингист - участник картинга|http://xn----8sbauh0beb7ai9bh.xn--p1ai/%D0%BA%D0%B0%D1%80%D1%82%D0%B8%D0%BD%D0%B3%D0%B8%D1%81%D1%82|1|0
КАРТИНГИСТ|профессионал|человек|Профессионал — человек, сделавший определённое занятие (дело) своей профессией|https://ru.wikipedia.org/wiki/%D0%9F%D1%80%D0%BE%D1%84%D0%B5%D1%81%D1%81%D0%B8%D0%BE%D0%BD%D0%B0%D0%BB|0|картингист=>профессионал=>человек
КАРТИНГИСТ|КАРТИНГИСТ|участник гонок|картингист - участик гонок|https://www.redbull.com/ru-ru/karting-entertainment-or-sports|0|overview of article
КАРТИНГИСТ|пилот|водитель |Пилот — водитель гоночного автомобиля.|https://ru.wikipedia.org/wiki/%D0%A1%D0%BB%D0%BE%D0%B2%D0%B0%D1%80%D1%8C_%D0%B0%D0%B2%D1%82%D0%BE%D0%B3%D0%BE%D0%BD%D0%BE%D1%87%D0%BD%D1%8B%D1%85_%D1%82%D0%B5%D1%80%D0%BC%D0%B8%D0%BD%D0%BE%D0%B2|0|картингист=>гонщик=>водитель
КАРТОФЕЛЕВОД|КАРТОФЕЛЕВОД|специались|картофелевод - Специалист по картофелеводству|https://dic.academic.ru/dic.nsf/ogegova/80930|1|0
КАРТОФЕЛЕВОД|овощевод|фермер|Мы, фермеры-овощеводы, встречались с ведущими специалистами, профессорами Всероссийского научно-исследовательского института селекции и семеноводства овощных культур (ФГБНУ ВНИИССОК). Они нас услышали – семена стали качественными по всхожести.|http://mcx.ru/press-service/regions/lyudi-truda-kartofelevod-valentin-lekontsev-iz-udmurtii/|0|картофелевод=>овощевод=>фермер
КАРТОФЕЛЕВОД|КАРТОФЕЛЕВОД|овощевод| Картофелевод - овощевод|https://noun_ru.academic2.ru/3656/%D0%BA%D0%B0%D1%80%D1%82%D0%BE%D1%84%D0%B5%D0%BB%D0%B5%D0%B2%D0%BE%D0%B4|1|0
КАРТОФЕЛЕВОД|КАРТОФЕЛЕВОД|растеньевод| Картофелевод - растеньевод|https://noun_ru.academic2.ru/3656/%D0%BA%D0%B0%D1%80%D1%82%D0%BE%D1%84%D0%B5%D0%BB%D0%B5%D0%B2%D0%BE%D0%B4|1|0
КАРТОФЕЛЕВОД|Фермер|человек|Фермер — это человек, который на собственной или арендованной земле содержит хозяйство.|https://proforientator.ru/professions/agronom-fermer/|0|Картофелевод=>фермер=>человек
КАРТУЗ|КАРТУЗ|головной убор|Картуз — мужской головной убор, имевший распространение в XVI — начале XX века в Северной и Восточной Европе (больше всего у немцев, голландцев и русских).|https://ru.wikipedia.org/wiki/%D0%9A%D0%B0%D1%80%D1%82%D1%83%D0%B7|1|0
КАРТУЗ|КАРТУЗ|мешок|Картуз - Бумажный мешок для чего-н. сыпучего устар..|https://how-to-all.com/%D0%B7%D0%BD%D0%B0%D1%87%D0%B5%D0%BD%D0%B8%D0%B5:%D0%BA%D0%B0%D1%80%D1%82%D1%83%D0%B7|1|0
КАРТУЗ|КАРТУЗ|фуражка |Картуз - фуражка с козырьком|https://ru.wikipedia.org/wiki/%D0%9A%D0%B0%D1%80%D1%82%D1%83%D0%B7|1|0
КАРТУЗ|КАРТУЗ|предмет гардероба |Впоследствии картуз перекочевал в повседневные наряды и стал предметом гардероба не только мужчин, но и женщин.|https://tkaner.com/golovnye-ubory/shlyapy/kartuz-eto/|1|0
КАРТУЗ|фуражка|одежда|Продажа одежды, обуви и аксессуаров - фуражка|https://www.olx.kz/moda-i-stil/odezhda/q-%D1%84%D1%83%D1%80%D0%B0%D0%B6%D0%BA%D0%B0/|0|картуз=>фуражка=>одежда
КАСТЕЛЯНША|КАСТЕЛЯНША|заведующая|кастеляншаа - Заведующая бельём в больнице, доме отдыха, гостинице и т. п.|https://spanwords.info/answer.php?key=88ab135bcd37956637a9b4508526d2c0&id=314922|1|0
КАСТЕЛЯНША|КАСТЕЛЯНША|сотрудница|Кастелянша - это сотрудница, ведающая хранением и выдачей одежды и белья.|https://www.profguide.io/professions/Kastelyansha.html|1|0
КАСТЕЛЯНША|КАСТЕЛЯНША|человек|Кастелянша это такая профессия, принято считать, что этот человек отвечает за одежду или бельё.|https://forexdengi.com/threads/140077-kto-takaya-kastelyansha?p=20386866#post20386866|1|0
КАСТЕЛЯНША|КАСТЕЛЯНША|профессия |Кастелянша считается женским родом деятельности|https://kedu.ru/press-center/profgid/kastelyansha|1|0
КАСТЕЛЯНША|КАСТЕЛЯНША|сотрудник|Кастелянша - Сотрудник бельевой компании|https://www.superjob.ru/vakansii/kastelyansha-31127423.html|1|0
КАСТОМИЗАЦИЯ|КАСТОМИЗАЦИЯ|рыночный тренд|Кастомизация считалась рыночным трендом. |https://www.ippnou.ru/print/007120/|1|0
КАСТОМИЗАЦИЯ|КАСТОМИЗАЦИЯ|индивидуализация продукции|Кастомизация (от англ. to customize — настраивать, изменять что-то, делая более подходящим под нужды конкретного потребителя) — индивидуализация продукции под заказы конкретных потребителей путём внесения конструктивных или дизайнерских изменений (обычно — на конечных стадиях производственного цикла). Например, нанесение рисунка на приобретаемую в интернет-магазине футболку по заявке покупателя или изготовление свадебного торта с поздравительной надписью.|https://ru.wikipedia.org/wiki/%D0%9A%D0%B0%D1%81%D1%82%D0%BE%D0%BC%D0%B8%D0%B7%D0%B0%D1%86%D0%B8%D1%8F|1|0
КАСТОМИЗАЦИЯ|КАСТОМИЗАЦИЯ|адаптация |Кастомизация (customization) — адаптация массового продукта под запросы конкретного потребителя путем частичного изменения продукции под конкретный запрос, доукомплектования товара дополнительными элементами или принадлежностями.  Термин происхолдит от английского customer — клиент, потребитель.|http://www.marketch.ru/marketing_dictionary/marketing_terms_k/customization/|1|0
КАСТОМИЗАЦИЯ|КАСТОМИЗАЦИЯ|маркетинговая тактика|Кастомизация — маркетинговая тактика мотивации покупателя к приобретению продукции, включающая инструменты продуктового маркетинга, торгового маркетинга и консьюмер сервис.  С точки зрения производства, под кастомизацией понимается способность выполнения разового заказа изменения или адаптации серийного изделия на серийном производстве по индивидуальным характеристикам и по желанию заказчика.|http://www.marketch.ru/marketing_dictionary/marketing_terms_k/customization/|1|0
КАСТОМИЗАЦИЯ|КАСТОМИЗАЦИЯ|изменение|Эта новая тенденция преимущественно западных компаний – кастомизация - изменение традиционного товара/услуги под запросы отдельных потребителей.|https://www.logodesigner.ru/articles/archive/kastomizatsiya/|1|0
КАТЕХИЗИС|КАТЕХИЗИС|вероисповедный документ |Катехи́зис (лат. catechēsis; от др.-греч. κατηχισμός — «поучение, наставление»; κατηχεῖν = κάτω «вниз» + ήχος «звук» — «внушать, отвечать») — официальный вероисповедный документ какой-либо конфессии; огласительное наставление; книга, содержащая основные положения вероучения, часто изложенные в виде вопросов и ответов.|https://ru.wikipedia.org/wiki/%D0%9A%D0%B0%D1%82%D0%B5%D1%85%D0%B8%D0%B7%D0%B8%D1%81|1|0
КАТЕХИЗИС|КАТЕХИЗИС|руководство|Катехизис называют руководство, которое содержит основные положения христианского вероучения. То есть, это своего рода элементарный учебник веры, где изложены самые основы догматики и христианской нравственности. Но часто с этим словом, как правило, ассоциируется что-то совершенно сухое и скучное, оторванное от жизни. Катехизис представляется набором по большому счету ничего не говорящих правил и формул, и тогда к нему более чем к чему-либо еще, казалось бы, применимы слова Гете «суха, мой друг, теория везде, а древо жизни пышно зеленеет».|https://foma.ru/katexizis-oglashenie.html|1|0
КАТЕХИЗИС|КАТЕХИЗИС|учебник веры|Впрочем, если катехизис - это учебник веры, то почему же он все-таки воспринимается как что-то предельно скучное? Ведь никто же не считает скучным, скажем, букварь. Однако в этом древнегреческом слове есть еще одно его значение, которое может помочь понять, почему и при каких условиях катехизис начинают ассоциировать с чем-то занудным и ненужным.|https://foma.ru/katexizis-oglashenie.html|1|0
КАТЕХИЗИС|КАТЕХИЗИС| жанр христианской вероучительной литературы|Катехизис - жанр христианской вероучительной литературы. Как пособие для первоначального усвоения наиболее важных понятий и положений вероучения и церковной жизни К. предполагает краткость, ясность и однозначность изложения и, как правило, исключает рассмотрение и критику различных мнений по тем или иным спорным вопросам. Для К. характерна тезисная форма изложения материала в связи с тем, что, с одной стороны, на практике он обычно предназначался для заучивания наизусть, с др. стороны - как учебное пособие, предполагал устные разъяснения наставника или учителя. Дидактизм К. выражен в необязательной, но характерной для этого вида религ. лит-ры форме вопросов и ответов, предполагающих беседу ученика и учителя.|https://azbyka.ru/katexizis|1|0
КАТЕХИЗИС|КАТЕХИЗИС|Краткое изложение|Катехизис, то есть краткое изложение и объяснение важнейших догматов веры и христианской религии, в первую очередь для новообращенных, в особенности детей в школах. |https://www.wdl.org/ru/item/14224/|1|0
КАТОРЖАНИН|КАТОРЖАНИН|человек|каторжанин - это человек, бывший на каторге (за политическую деятельность).|https://www.google.com/search?q=%D0%9A%D0%90%D0%A2%D0%9E%D0%A0%D0%96%D0%90%D0%9D%D0%98%D0%9D&oq=%D0%9A%D0%90%D0%A2%D0%9E%D0%A0%D0%96%D0%90%D0%9D%D0%98%D0%9D&aqs=chrome..69i57j0l7.428j0j9&sourceid=chrome&ie=UTF-8|1|0
КАТОРЖАНИН|КАТОРЖАНИН|осужденный|каторжанин - осужденный за политическую деятельность |https://slovar.cc/rus/ojegov/594080.html|1|0
КАТОРЖАНИН|КАТОРЖАНИН|заключённый|Сегодня, 6 ноября, в Башкирии из колонии сбежал заключенный - осужденный за изнасилование, насильственные действия сексуального характера и кражу. |https://ufa1.ru/text/incidents/66297238/|0|каторжанин=>осужденный=>заключенный
КАТОРЖАНИН|КАТОРЖАНИН|отбывающий каторгу|КАТОРЖАНИН -  человек, отбывающий каторгу (в 1 знач.) или бывший на каторге (чаще об осуждённых за политическую деятельность).| https://gufo.me/dict/ozhegov/%D0%BA%D0%B0%D1%82%D0%BE%D1%80%D0%B6%D0%B0%D0%BD%D0%B8%D0%BD|1|0
КАТОРЖАНИН|КАТОРЖАНИН|невольник|Трудись ты, каторжник-невольник, С трудом тяжелым примирись.|http://a-pesni.org/popular20/pkatsahalina.htm|1|0
КАТЫШЕК|КАТЫШЕК|комочек|Пупочные катышки — комочки из пушистых тканевых волокон и пыли, периодически образующиеся к концу дня в пупках людей, чаще всего у мужчин с волосатыми животами. |https://ru.wikipedia.org/wiki/%D0%9F%D1%83%D0%BF%D0%BE%D1%87%D0%BD%D1%8B%D0%B5_%D0%BA%D0%B0%D1%82%D1%8B%D1%88%D0%BA%D0%B8|1|0
КАТЫШЕК|КАТЫШЕК|обрубок дерева|катышек - Небольшой чурбан, круглый обрубок дерева.|https://gufo.me/dict/ozhegov/%D0%BA%D0%B0%D1%82%D1%8B%D1%86|1|0
КАТЫШЕК|КАТЫШЕК|чурбан |катышек - Небольшой чурбан, круглый обрубок дерева.|https://gufo.me/dict/ozhegov/%D0%BA%D0%B0%D1%82%D1%8B%D1%86|1|0
КАТЫШЕК|КАТЫШЕК|камень|катышек - Округлый, окатанный камень.|https://gufo.me/dict/ozhegov/%D0%BA%D0%B0%D1%82%D1%8B%D1%87|1|0
КАТЫШЕК|КАТЫШЕК|круглый комок|катышек — Круглый комок, скатанный шарик из какого-л. мягкого вещества. К. хлеба, воска.  |https://gufo.me/dict/ozhegov/%D0%BA%D0%B0%D1%82%D1%8B%D1%88|1|0
КАУСТИК|КАУСТИК|каустическая сода|Каустик - каустическая сода|https://melscience.com/RU-ru/articles/chto-takoe-kausticheskaya-soda/|0|см. другие название
КАУСТИК|Каустическая сода|Каустическая сода|Каустическая сода - неорганическое химическое вещество, самая распространённая щёлочь, химическая формула NaOH.|https://ru.wikipedia.org/wiki/%D0%93%D0%B8%D0%B4%D1%80%D0%BE%D0%BA%D1%81%D0%B8%D0%B4_%D0%BD%D0%B0%D1%82%D1%80%D0%B8%D1%8F|0|каустик => каустическая сода => неорганическое хим вещество
КАУСТИК|КАУСТИК|техническое название|Каустик — техническое название едких щелочей.|https://ru.wikipedia.org/wiki/%D0%9A%D0%B0%D1%83%D1%81%D1%82%D0%B8%D0%BA_(%D0%B7%D0%BD%D0%B0%D1%87%D0%B5%D0%BD%D0%B8%D1%8F)|1|0
КАУСТИК|КАУСТИК|вещество|Каустик – одно из наиболее распространенных веществ: ежегодно во всем мире его производят в количестве более 67 миллионов тонн. |http://drec.ru/articles/seriya-professionalnye-terminy-klinerov-dezinfektsiya-kaustikom.html|1|0
КАУСТИК|КАУСТИК|окись|Каустик - окись натрия|https://xn--80aaahpr6aegphgefgd9d.xn--p1ai/uslugi_gruzoperevozok/perechen_nalivnyh_gruzov/perevozka-himicheskih-produktov/perevozka-gidroksida-natriya-kaustik/|1|0
КАУСТИК|оксид|оксид|оксид - окись |https://ru.wikipedia.org/wiki/%D0%9E%D0%BA%D1%81%D0%B8%D0%B4%D1%8B|0|синонимы
КАШПО|КАШПО|предмет декора|Кашпо́, как предмет декора, часто применяется в дизайнерских решениях.|https://yellowhome.ru/2016/12/08/kashpo-dlya-cvetov-stilno-i-so-vkusomcvety-yavlyayutsya-neotemlemym-elementom-kazhdogo-doma-oni-pridayut-estetichnyj-vid-komnatam-i-kruglyj-god-udivlyayut-zhilcov-svoej-zelenoj-listvoj-i-cveteniem/|1|0
КАШПО|КАШПО|сосуд|Кашпо́ (от фр. cache-pot, букв. «прятать горшок») — декоративный сосуд без отверстий в нижней части, внутрь которого ставится горшок с растением.|https://ru.wikipedia.org/wiki/%D0%9A%D0%B0%D1%88%D0%BF%D0%BE|1|0
КАШПО|КАШПО|декоративная ваза|кашпо - декоративная ваза для цветочного горшка.||1|0
КАШПО|КАШПО|украшение|кашпо -крашения для простых цветочных горшков.|https://dic.academic.ru/dic.nsf/ogegova/81794|1|0
КАШПО|КАШПО|вместилище|кашпо - вместилище из керамики или пластмассы, среднего или малого размера, изящной формы, открытое, предназначенное для цветочного горшка и украшения помещени|https://dic.academic.ru/dic.nsf/ogegova/81794|1|0
КАЯКИНГ|КАЯКИНГ|вид спорта|каякинг - один из видов водного туризма, спорта или активного отдыха на воде с использованием судна, которое называется каяк. Человек, занимающийся каякингом, называется каякером.|https://ru.wikipedia.org/wiki/%D0%9A%D0%B0%D1%8F%D0%BA%D0%B8%D0%BD%D0%B3|1|0
КАЯКИНГ|КАЯКИНГ|вид экстримального спорта|каякинг - это вид экстримального спорта, который появился относительно недавно. Он представляет собой сплав по бурной рекена одноместном судне, который и называется каяком. Чаще судно рассчитано на одно место, но может быть и двухместным.|https://ru.wikipedia.org/wiki/%D0%9A%D0%B0%D1%8F%D0%BA%D0%B8%D0%BD%D0%B3|1|0
КАЯКИНГ|КАЯКИНГ|путешествие|Морской каякинг -это путешествия по озерам, морям, океанам, равнинным рекам и водохранилищам. Морской туристический каякинг – это сплав по относительно водной глади.|https://ru.wikipedia.org/wiki/%D0%9A%D0%B0%D1%8F%D0%BA%D0%B8%D0%BD%D0%B3|1|0
КАЯКИНГ|КАЯКИНГ|водный туризм|каякинг - разновидность водного туризма|https://glonasstravel.com/destination/vidy-turizma/sport-ekstrim/kayaking/|1|0
КАЯКИНГ|КАЯКИНГ|движение|каякинг - это движение в бурном потоке воды.|https://ru.wikipedia.org/wiki/%D0%9A%D0%B0%D1%8F%D0%BA%D0%B8%D0%BD%D0%B3|1|0
