name;hyperonim;text;link;bool;comment
Капельмейстер;руководитель хоровой капеллы;Капельмейстер - руководитель хоровой капеллы и/или оркестра. Военный капельмейстер — дирижёр полкового, эскадронного и тому подобного оркестра.';руководитель хоровой капеллы и/или оркестра. Военный капельмейстер — дирижёр полкового, эскадронного и тому подобного оркестра.;1;
Капельмейстер;дирижер ;Капельмейстер - дирижер военного духового оркестра.';https://kartaslov.ru/%D0%B7%D0%BD%D0%B0%D1%87%D0%B5%D0%BD%D0%B8%D0%B5-%D1%81%D0%BB%D0%BE%D0%B2%D0%B0/%D0%BA%D0%B0%D0%BF%D0%B5%D0%BB%D1%8C%D0%BC%D0%B5%D0%B9%D1%81%D1%82%D0%B5%D1%80';1;
Капельмейстер;руководитель военного оркестра;Капельмейстер - руководитель военного оркестра';https://kartaslov.ru/%D0%B7%D0%BD%D0%B0%D1%87%D0%B5%D0%BD%D0%B8%D0%B5-%D1%81%D0%BB%D0%BE%D0%B2%D0%B0/%D0%BA%D0%B0%D0%BF%D0%B5%D0%BB%D1%8C%D0%BC%D0%B5%D0%B9%D1%81%D1%82%D0%B5%D1%80;1;
Капельмейстер;профессия ;Дирижер — профессия штучная, эксклюзивная, которой научить практически нельзя. Дирижером надо родиться. К этой профессии идут годами.';http://obrazovanie66.ru/prof/dirizher/;1;
Капельмейстер;род трудовой деятельности ;Профессия  -  род трудовой деятельности человека, обычно его источник существования[2]. ';https://ru.wikipedia.org/wiki/%D0%9F%D1%80%D0%BE%D1%84%D0%B5%D1%81%D1%81%D0%B8%D1%8F;0;
Каперс;растение;Каперсы - род растений семейства Каперсовые (Capparidaceae), иногда род относят к семейству Капустные (Brassicaceae).';'https://ru.wikipedia.org/wiki/%D0%9A%D0%B0%D0%BF%D0%B5%D1%80%D1%81%D1%8B';1;
Каперс;бутон ;Каперсы — нераспустившиеся бутоны колючего кустарника Capparis spinosa.';'https://eda.ru/wiki/ingredienty/ovoschi-korneplody/kapersi-13534';1;
Каперс;еда;Каперсы – это не еда, а скорее, украшение еды';https://www.gastronom.ru/text/kapersy-chto-jeto-takoe-i-s-chem-ih-edjat-1009873;1;
Каперс;овощ ;'Каперс - забытый овощ. Многие хозяйки, которым попадались книги кулинарных рецептов прошлых лет (особенно дореволюционные), обращали внимание на присутствие такой пряности, как каперсы. Сейчас же они почти забыты.';'https://garden.cofe.ru/dachnye-ekzoty/kapers-zabyityiy-ovoshh';1;
Каперс;плод кустарника;каперс - ароматический и возбуждающий плод кустарника, распространенного на востоке. Применяется как приправа. В русском переводе Библии это слово употреблено фигурально, в оригинале сказано прямо: «и желание исчезнет».';'https://gufo.me/dict/bible_vihlyancev/%D0%BA%D0%B0%D0%BF%D0%B5%D1%80%D1%81';1;
КАПРИС;название пьессы ;'Итальянское слово «capriccio» означает каприз, прихоть. В музыке оно или его производные встречаются довольно часто: так называют пьесы, свободные по построению, капризного, изменчивого характера. Таково, например, Итальянское каприччио Чайковского, написанное под впечатлением его поездки в Италию. В этом оркестровом каприччио использованы разнообразные народные напевы и ритмы, благодаря которым создается красочная картина веселого итальянского карнавала.';'https://www.classic-music.ru/capriccio.html';1;
КАПРИС;произведение;Пьеса -  видовое название произведений драматургии, предназначенных для исполнения со сцены, а также для теле- и радиоспектаклей.';https://ru.wikipedia.org/wiki/%D0%9F%D1%8C%D0%B5%D1%81%D0%B0;0;
КАПРИС;произведение академической музыки;"Каприччио (итал. Capriccio, также каприс, фр. caprice; букв. каприз, прихоть; причудливый изыск) — произведение академической музыки, написанное в свободной форме.'";https://ru.wikipedia.org/wiki/%D0%9A%D0%B0%D0%BF%D1%80%D0%B8%D1%87%D1%87%D0%B8%D0%BE_(%D0%BC%D1%83%D0%B7%D1%8B%D0%BA%D0%B0);1;
КАПРИС;жанр;Жанр каприса весьма старый, это слово известно с XVI века.';https://www.classic-music.ru/capriccio.html;1;
КАПРИС;пьеса ;'Инструментальная пьеса свободной формы, в блестящем виртуозном стиле. Для множества каприччио типична причудливая смена эпизодов, настроений.';https://www.classic-music.ru/capriccio.html;1;
КАПРИЧЧИО;жанр пейзажной живописи ;Каприччио (итал. capriccio, буквально «каприз») — жанр пейзажной живописи, популярный в XVII—XVIII веках. На картинах этого жанра изображались архитектурные фантазии, в основном руины вымышленных античных сооружений. Для оживления пейзажа нередко использовался стаффаж. Каприччио тесно связан с жанром ведуты. На некоторых картинах элементы каприччио могут сочетаться с другими жанрами.';'https://ru.wikipedia.org/wiki/%D0%9A%D0%B0%D0%BF%D1%80%D0%B8%D1%87%D1%87%D0%B8%D0%BE_(%D0%B6%D0%B8%D0%B2%D0%BE%D0%BF%D0%B8%D1%81%D1%8C)';1;
КАПРИЧЧИО;инструментальная пьесса;Каприччио - Инструментальная пьеса свободной формы, в блестящем виртуозном стиле. Для множества каприччио типична причудливая смена эпизодов, настроений.';https://www.belcanto.ru/capriccio.html;1;
КАПРИЧЧИО;вокальное многоголосое произведение;Первоначально карисом называли вокальное многоголосое произведение';https://www.classic-music.ru/capriccio.html;1;
КАПРИЧЧИО;блюдо;Пицца — итальянское национальное блюдо в виде круглой открытой дрожжевой лепёшки, покрытой в классическом варианте томатным соусом и расплавленным сыром';https://ru.wikipedia.org/wiki/%D0%9F%D0%B8%D1%86%D1%86%D0%B0;0;
КАПРИЧЧИО;пицца;Пицца Каприччио с ветчиной и грибами';http://nyam.ru/recipes/vypechka/picca/picca-kaprichchio-s-vetchinoj-i-gribami;1;
КАПУСТНИЦА;бабочка;Капустница - дневная бабочка из семейства белянок (Pieridae). Видовой эпитет происходит от лат. Brassica — капуста, одно из кормовых растений гусениц.';'https://ru.wikipedia.org/wiki/%D0%9A%D0%B0%D0%BF%D1%83%D1%81%D1%82%D0%BD%D0%B8%D1%86%D0%B0_(%D0%B1%D0%B0%D0%B1%D0%BE%D1%87%D0%BA%D0%B0)';1;
КАПУСТНИЦА;вредитель;капустница - вредитель относится к отряду Чешуекрылые, семейству Белянки.';'https://www.avgust.com/atlas/v/detail.php?ID=6403';1;
КАПУСТНИЦА;суп ;Капустница (капустняк, капусняк, капуста) — традиционный украинский, русский, белорусский, словацкий и польский вид супов из квашеной капусты[1]. Является аналогом русских щей, но не следует считать это одним и тем же блюдом, так как капустница готовится исключительно из квашеной капусты[2]. Традиционное блюдо на рождественском столе.[3]';'https://ru.wikipedia.org/wiki/%D0%9A%D0%B0%D0%BF%D1%83%D1%81%D1%82%D0%BD%D0%B8%D1%86%D0%B0_(%D1%81%D1%83%D0%BF)';1;
КАПУСТНИЦА;вредитель крастноцветных ;'Капустная белянка (капустница) – вредитель крестоцветных. Питаются гусеницы. Особенно сильно повреждает белокочанную и цветную капусту, а также брюкву, репу, редис, редьку, турнепс, хрен, рапс, горчицу, индау. Размножение двуполое. Развитие полное. Зимуют диапаузирующие куколки. В течение вегетационного периода развивается до пяти поколений.[5]';'http://www.pesticidy.ru/%D0%91%D0%B5%D0%BB%D1%8F%D0%BD%D0%BA%D0%B0_%D0%BA%D0%B0%D0%BF%D1%83%D1%81%D1%82%D0%BD%D0%B0%D1%8F';1;
КАПУСТНИЦА;насекомое;Капустница. Описание: это насекомое является представителем обширнейшего семейства белянок, гигантский вред оно причиняет преимущественно насаждениям капусты и крестоцветным овощам. Крылышки у нее белые с характерными черными пятнышками, в размахе достигают 6,3 см. Гусеницы у этой бабочки зеленовато-желтой окраски, покрытые коротенькими темными шерстинками, имеют на спинке желтые полоски. В стадии куколки насекомые прячутся на заборе, в коре растений, среди камней.';'https://35media.ru/articles/2018/06/22/babochki-vrediteli-ne-lyubyat-valeryanku';1;
КАРАВЕЛЛА;судно;'Караве?лла — тип парусного судна, распространённый в Европе, особенно в Португалии и Испании, во второй половине XV — начале XVII века. Один из первых и наиболее известный тип кораблей, с которых начиналась эпоха Великих географических открытий.';'https://ru.wikipedia.org/wiki/%D0%9A%D0%B0%D1%80%D0%B0%D0%B2%D0%B5%D0%BB%D0%BB%D0%B0';1;
КАРАВЕЛЛА;корабль;'Определение каравеллы в словаре - это быстрый корабль, используемый в основном на xv. ';'https://educalingo.com/ru/dic-fr/caravelle';1;
КАРАВЕЛЛА;самолет средней дальности;'Другим определением каравелла является самолет средней дальности.';'https://educalingo.com/ru/dic-fr/caravelle';1;
КАРАВЕЛЛА;парусное судно ;Каравелла — тип парусного судна, распространённый в Европе, особенно в Португалии и Испании, во второй половине XV — начале XVII века. Один из первых и наиболее известный тип кораблей, с которых начиналась эпоха Великих географических открытий.';'https://ru.wikipedia.org/wiki/%D0%9A%D0%B0%D1%80%D0%B0%D0%B2%D0%B5%D0%BB%D0%BB%D0%B0';1;
КАРАВЕЛЛА;европейский автомобиль;Каравелла - стопроцентно европейский автомобиль.';https://www.volkswagen-commercial.ru/ru/models/caravelle.html;1;
КАРАКАТИЦА;моллюск;Каракатицы (лат. Sepiida) — отряд моллюсков из класса головоногих.';'https://ru.wikipedia.org/wiki/%D0%9A%D0%B0%D1%80%D0%B0%D0%BA%D0%B0%D1%82%D0%B8%D1%86%D1%8B';1;
КАРАКАТИЦА;головоногое;'Хоть каракатица (лат. Sepiida) и принадлежит к классу головоногих, с другими моллюсками ее почти ничего не роднит. Взять хотя бы панцирь, который у каракатицы находится не снаружи, а внутри тела и отвечает за ее плавучесть. А тот факт, что это существо имеет целых три сердца, достоин внесения в морскую Книгу рекордов Гиннеса. Два из сердец координируют работу жабр, а третье ответственно за функционирование нервной системы.';'http://www.zoopicture.ru/karakaticy/';1;
КАРАКАТИЦА;животное;Каракатица. Царство: животные';https://ru.wikipedia.org/wiki/%D0%9A%D0%B0%D1%80%D0%B0%D0%BA%D0%B0%D1%82%D0%B8%D1%86%D1%8B;1;
КАРАКАТИЦА;мягкотелое животное;;;;
КАРАКАТИЦА;морской житель;;;;
КАРАКУРТ;вид пауков;Каракурт — вид пауков из рода чёрных вдов. Латинское название вида передаёт внешние морфологические признаки: тринадцать точек или пятен на верхней стороне брюшка.';'https://ru.wikipedia.org/wiki/%D0%9A%D0%B0%D1%80%D0%B0%D0%BA%D1%83%D1%80%D1%82';1;
КАРАКУРТ;черная вдова;Каракурт. Род:  Чёрные вдовы';https://ru.wikipedia.org/wiki/%D0%9A%D0%B0%D1%80%D0%B0%D0%BA%D1%83%D1%80%D1%82;1;
КАРАКУРТ;членистоногое;Каракурт. Тип:  Членистоногие';https://ru.wikipedia.org/wiki/%D0%9A%D0%B0%D1%80%D0%B0%D0%BA%D1%83%D1%80%D1%82;1;
КАРАКУРТ;насекомое;Многие упорно называют пауков насекомыми, хотя это отдельный отряд и отдельный класс – паукообразные (Arachnida, подтип Хелицеровые - Chelicerata, тип Членистоногие). ';http://www.vokrugsveta.ru/encyclopedia/index.php?title=%D0%9F%D0%B0%D1%83%D0%BA%D0%B8;0;Паук=>насекомое или нет (с точки зрения науки - нет, но многие считают)
КАРАКУРТ;животное;С научной точки зрения считается, что пауки – это животные, относящиеся к типу членистоногих, классу паукообразных. ';https://yandex.ru/znatoki/question/animals/pauk_nasekomoe_ili_zhivotnoe_80a42e05/;0;Паук => животное
КАРБАС;лодка;' Большая лодка для рыбного промысла (на Белом и Баренцевом морях)';'https://www.google.com/search?biw=1536&bih=754&sxsrf=ACYBGNSUiy6Rls40r0TxmXIBQT7qR-in9A%3A1581885158165&ei=5qZJXrLfCd2Ik74PydWFmA0&q=%D0%9A%D0%90%D0%A0%D0%91%D0%90%D0%A1&oq=%D0%9A%D0%90%D0%A0%D0%91%D0%90%D0%A1&gs_l=psy-ab.3..0l4j0i10l6.17392.17392..17764...0.0..0.177.333.0j2......0....2j1..gws-wiz.......35i39.0TxWI4xawzc&ved=0ahUKEwiy6rW39dbnAhVdxMQBHclqAdMQ4dUDCAs&uact=5';1;
КАРБАС;судно ;Карбас — парусно-гребное промысловое и транспортное судно среднего размера, одно из основных у поморов и распространённое у других жителей Севера и Сибири, начиная не позднее чем с XV[2] и до середины XX века. Для поморского диалекта русского языка характерно произношение с ударением на первый слог и форма множественного числа «карбаса?»[3].';'https://ru.wikipedia.org/wiki/%D0%9A%D0%B0%D1%80%D0%B1%D0%B0%D1%81';1;
КАРБАС;транспортное судно ;карбас — парусно-гребное промысловое и транспортное судно среднего размера, одно из основных у поморов и распространённое у других жителей Севера и Сибири, начиная не позднее чем с XV[2] и до середины XX века. Для поморского диалекта русского языка характерно произношение с ударением на первый слог и форма множественного числа «карбаса?»[3].';'https://ru.wikipedia.org/wiki/%D0%9A%D0%B0%D1%80%D0%B1%D0%B0%D1%81';1;
КАРБАС;средство передвижения;Судно — плавучее сооружение, предназначенное для транспортных, промысловых, военных, научных, спортивных и других целей';https://ru.wikipedia.org/wiki/%D0%A1%D1%83%D0%B4%D0%BD%D0%BE;0;Карбас =>судно=>транспортное средство
КАРБАС;плавучее сооружение;;;;
КАРБИД;соединение металлов и неметаллов;'Карби?ды — соединения металлов и неметаллов с углеродом. Традиционно к карбидам относят соединения, где углерод имеет бо?льшую электроотрицательность, чем второй элемент (таким образом из карбидов исключаются такие соединения углерода, как оксиды, галогениды и т. п.)';'https://ru.wikipedia.org/wiki/%D0%9A%D0%B0%D1%80%D0%B1%D0%B8%D0%B4%D1%8B';1;
КАРБИД;тугоплавкое твердое вещество;'Карбиды — тугоплавкие твёрдые вещества. Они нелетучи и не растворимы ни в одном из известных растворителей. Карбиды бора и кремния (В4С и SiC), титана, вольфрама, циркония (TiC, WC и ZrC соответственно) обладают высокой твёрдостью, жаростойкостью, химической инертностью.';'https://ru.wikipedia.org/wiki/%D0%9A%D0%B0%D1%80%D0%B1%D0%B8%D0%B4%D1%8B';1;
КАРБИД;вещество;'Карбиды — тугоплавкие твёрдые вещества. Они нелетучи и не растворимы ни в одном из известных растворителей. Карбиды бора и кремния (В4С и SiC), титана, вольфрама, циркония (TiC, WC и ZrC соответственно) обладают высокой твёрдостью, жаростойкостью, химической инертностью.';'https://ru.wikipedia.org/wiki/%D0%9A%D0%B0%D1%80%D0%B1%D0%B8%D0%B4%D1%8B';1;
КАРБИД;химическое соединение;Карбиды – химические соединения которые получаеются в результате щелочных реакций углерода с металлами. В большинстве случаев получаются сверхтвердые сплавы, сравнимые по своим твердостным характеристикам с алмазом.';http://himopttorg.ru/spravochnik-khimopttorg/karbid-kaltsiya-ispolzovanie-i-mery-predostorozhnosti/;1;
КАРБИД;композит;'Карбид – это композит, который состоит из твердого материала и относительного мягкого связующего вещества. Он отличается чрезвычайно высокой твердостью при стандартных и высоких температурах, а также повышенной износостойкостью. Этот материал применяется при производстве инструментов или компонентов в большом количестве областей, где требуется особая износостойкость (например, при обработке твердых материалов). Карбид улучшает качество инструментов и компонентов, повышает продолжительность их срока службы и обеспечивает безопасность технологических процессов.';'https://www.ceratizit.com/ru/home/karbid-volframa/';1;
КАРДИОМИОПАТИЯ;первичное заболевнаие сердечной системы;'Кардиомиопатии – это первичные заболевания сердечной мышцы. Их надо отличать от структурных заболеваний сердца, таких как ишемическая болезнь сердца, патология клапанного аппарата, врожденные пороки сердца. На основании патологических признаков кардиомиопатии подразделяются на 3 основных типа: (см. рисунок Типы кардиомиопатии [Forms of cardiomyopathy]):';'https://www.msdmanuals.com/ru/%D0%BF%D1%80%D0%BE%D1%84%D0%B5%D1%81%D1%81%D0%B8%D0%BE%D0%BD%D0%B0%D0%BB%D1%8C%D0%BD%D1%8B%D0%B9/%D0%BD%D0%B0%D1%80%D1%83%D1%88%D0%B5%D0%BD%D0%B8%D1%8F-%D1%81%D0%B5%D1%80%D0%B4%D0%B5%D1%87%D0%BD%D0%BE-%D1%81%D0%BE%D1%81%D1%83%D0%B4%D0%B8%D1%81%D1%82%D0%BE%D0%B9-%D1%81%D0%B8%D1%81%D1%82%D0%B5%D0%BC%D1%8B/%D0%BA%D0%B0%D1%80%D0%B4%D0%B8%D0%BE%D0%BC%D0%B8%D0%BE%D0%BF%D0%B0%D1%82%D0%B8%D0%B8/%D0%BE%D0%B1%D0%B7%D0%BE%D1%80-%D0%BA%D0%B0%D1%80%D0%B4%D0%B8%D0%BE%D0%BC%D0%B8%D0%BE%D0%BF%D0%B0%D1%82%D0%B8%D0%B9-overview-of-cardiomyopathies';1;
КАРДИОМИОПАТИЯ;нарушение функционирования миокарда ;'Дилатационная кардиомиопатия – нарушение функционирования миокарда, приводящее к сердечной недостаточно­сти, при которой преобладают дилатация желудочков и систолическая дисфункция. Симптомы включают одышку, усталость и периферические отеки. Диагноз устанавливают на основании клинических данных и повышенного содержания натрийуретических пептидов, результатов рентгенографии грудной клетки, эхокардиографии и МРТ. Лечение ориентировано на устранение причины заболевания. Если сердечная недостаточность является тяжелой и прогрессирующей, могут быть показаны: ресинхронизирующая сердечная терапия, ИКД, ликвидация тяжелой митральной регургитации или трансплантация сердца.';'https://www.msdmanuals.com/ru/%D0%BF%D1%80%D0%BE%D1%84%D0%B5%D1%81%D1%81%D0%B8%D0%BE%D0%BD%D0%B0%D0%BB%D1%8C%D0%BD%D1%8B%D0%B9/%D0%BD%D0%B0%D1%80%D1%83%D1%88%D0%B5%D0%BD%D0%B8%D1%8F-%D1%81%D0%B5%D1%80%D0%B4%D0%B5%D1%87%D0%BD%D0%BE-%D1%81%D0%BE%D1%81%D1%83%D0%B4%D0%B8%D1%81%D1%82%D0%BE%D0%B9-%D1%81%D0%B8%D1%81%D1%82%D0%B5%D0%BC%D1%8B/%D0%BA%D0%B0%D1%80%D0%B4%D0%B8%D0%BE%D0%BC%D0%B8%D0%BE%D0%BF%D0%B0%D1%82%D0%B8%D0%B8/%D0%B4%D0%B8%D0%BB%D0%B0%D1%82%D0%B0%D1%86%D0%B8%D0%BE%D0%BD%D0%BD%D0%B0%D1%8F-%D0%BA%D0%B0%D1%80%D0%B4%D0%B8%D0%BE%D0%BC%D0%B8%D0%BE%D0%BF%D0%B0%D1%82%D0%B8%D1%8F';1;
КАРДИОМИОПАТИЯ;заболевание миокарда;'Кардиомиопатии — гетерогенная группа заболеваний миокарда, связанных с механической или электрической дисфункцией, которая обычно проявляется неадекватной гипертрофией или дилатацией. Кардиомиопатии могут как изолированно поражать только сердце, так и быть частью генерализованного системного заболевания, часто приводят к сердечно-сосудистой смерти или к инвалидизации, обусловленной прогрессирующей сердечной недостаточностью.';'https://ru.wikipedia.org/wiki/%D0%9A%D0%B0%D1%80%D0%B4%D0%B8%D0%BE%D0%BC%D0%B8%D0%BE%D0%BF%D0%B0%D1%82%D0%B8%D0%B8';1;
КАРДИОМИОПАТИЯ;сердечная патология ;'Кардиомиопатия – это сердечная патология, характеризующаяся поражением миокарда (мышечного, срединно-расположенного слоя сердца). При заболевании отмечается нарушение циркуляции крови по всему организму, что негативно отражается на его функционировании и провоцирует угрозу для жизни человека.';'https://www.smclinic.ru/diseases/k/kardiomiopatiya/';1;
КАРДИОМИОПАТИЯ;группа заболеваний сердца;'Кардиомиопатии (КМП) — это группа заболеваний сердца, главной характеристикой которых является наличие дефектов в самой сердечной мышце, миокарде. При этом причины возникновения патологии и характер повреждения мышцы могут сильно различаться, что влечет за собой разницу в симптомах болезни и ее лечении.';'https://odrex.ua/treatment/kardiomiopatii/';1;
КАРЕТКА;часть велосипеда;'Велосипедная каретка (англ. bottom bracket) — часть велосипеда, соединяющая, с одной стороны, шатуны педалей и ведущую звезду и раму велосипеда, с другой стороны. Каретка позволяет свободно вращать шатуны педалей, приводить в движение велосипедную трансмиссию, при этом обеспечивая её жесткую фиксацию на велосипеде. Конструктивно представляет собой вал, систему подшипников и стакан, фиксирующий на каретку элемент на раме.';'https://ru.wikipedia.org/wiki/%D0%92%D0%B5%D0%BB%D0%BE%D1%81%D0%B8%D0%BF%D0%B5%D0%B4%D0%BD%D0%B0%D1%8F_%D0%BA%D0%B0%D1%80%D0%B5%D1%82%D0%BA%D0%B0';1;
КАРЕТКА;часть механизма;'КАРЕТКА — часть механизма или машины, передвигающаяся по направляющим или, реже, вращающаяся в подшипниках (в металлорежущих станках — часть суппорта, в пишущих машинках — рамка с валиком для бумаги, в ткацких станках — часть механизма, изготавливающая мелкоузорчатые или сложные переплетения тканей, в велосипедах — педальный механизм и др.).';'https://polytechnic_dictionary.academic.ru/875/%D0%9A%D0%90%D0%A0%D0%95%D0%A2%D0%9A%D0%90';1;
КАРЕТКА;часть машины;'КАРЕТКА — часть механизма или машины, передвигающаяся по направляющим или, реже, вращающаяся в подшипниках (в металлорежущих станках — часть суппорта, в пишущих машинках — рамка с валиком для бумаги, в ткацких станках — часть механизма, изготавливающая мелкоузорчатые или сложные переплетения тканей, в велосипедах — педальный механизм и др.).';'https://polytechnic_dictionary.academic.ru/875/%D0%9A%D0%90%D0%A0%D0%95%D0%A2%D0%9A%D0%90';1;
КАРЕТКА;рабочий орган вязаотной машины;'Каретка - это самый важный рабочий орган вязальной машины. Используя рычаги управления расположенные на каретке, можно управлять работой иголок для выполнения различных переплетений. То есть, при вязании узоров и сложных рисунков, иголки будут выдвигаться в рабочее или нерабочее положении. Те иголки, которые в рабочем положении, каретка будет провязывать и наоборот. Если каретка движется слева направо, то пользуются рычагами справа, и наоборот - это важный момент. Управление рычагами каретки вязальной машины при вязании различных узоров предпочтительней осваивать опытным путем.';'http://www.shyu.ru/shvejnye-terminy-k.html';1;
КАРЕТКА;узел;'Каретка - узел, помещающийся в кареточной трубе. Каретка состоит из вала (оси) каретки, подшипников и двух шатунов.';'https://sportextrem.ru/articles/poleznoe/slovar-velosipednykh-terminov/';1;
КАРТ;автомобиль ;'КАРТ (англ. cart) - гоночный микролитражный автомобиль без кузова, дифференциала и упругой подвески колес для соревнований на небольшой площадке (картинг). Двигатель 2-тактный с рабочим объемом до 250 см?. Максимальная скорость 150 км/ч.';'https://dic.academic.ru/dic.nsf/enc3p/149898';1;
КАРТ;гоночный автомобиль;'КАРТ (англ. cart) - гоночный микролитражный автомобиль без кузова, дифференциала и упругой подвески колес для соревнований на небольшой площадке (картинг). Двигатель 2-тактный с рабочим объемом до 250 см?. Максимальная скорость 150 км/ч.';'https://dic.academic.ru/dic.nsf/enc3p/149898';1;
КАРТ;транспорт;Автомобиль — средство безрельсового транспорта с собственным двигателем';https://ru.wikipedia.org/wiki/%D0%A2%D1%80%D0%B0%D0%BD%D1%81%D0%BF%D0%BE%D1%80%D1%82;0;карт=>автомобиль=>транспорт
КАРТ;машина;основной парк наших машин - это карты';https://www.kartracing.ru/%D1%83%D1%81%D1%82%D1%80%D0%BE%D0%B9%D1%81%D1%82%D0%B2%D0%BE-%D0%BA%D0%B0%D1%80%D1%82%D0%B0/;1;
КАРТ;средство передвижения;Автомобиль — это и роскошь, и средство передвижения';https://www.ntv.ru/novosti/3179/;0;карт=>автомобиль=>средство передвижения
КАРТИНГИСТ;спортсмен;'картингист - спортсмен, занимающийся картингом';'https://ru.wiktionary.org/wiki/%D0%BA%D0%B0%D1%80%D1%82%D0%B8%D0%BD%D0%B3%D0%B8%D1%81%D1%82';1;
КАРТИНГИСТ;участник картинга;картингист - участник картинга';'http://xn----8sbauh0beb7ai9bh.xn--p1ai/%D0%BA%D0%B0%D1%80%D1%82%D0%B8%D0%BD%D0%B3%D0%B8%D1%81%D1%82';1;
КАРТИНГИСТ;человек;Профессионал — человек, сделавший определённое занятие (дело) своей профессией';https://ru.wikipedia.org/wiki/%D0%9F%D1%80%D0%BE%D1%84%D0%B5%D1%81%D1%81%D0%B8%D0%BE%D0%BD%D0%B0%D0%BB;0;картингист=>профессионал=>человек
КАРТИНГИСТ;участник гонок;гонки на картах — простейших гоночных автомобилях без кузова.';https://ru.wikipedia.org/wiki/%D0%9A%D0%B0%D1%80%D1%82%D0%B8%D0%BD%D0%B3;0;картинг=>гонки, картингист=>участник гонок
КАРТИНГИСТ;водитель ;Пилот — то же, что и гонщик, водитель гоночного автомобиля.';https://ru.wikipedia.org/wiki/%D0%A1%D0%BB%D0%BE%D0%B2%D0%B0%D1%80%D1%8C_%D0%B0%D0%B2%D1%82%D0%BE%D0%B3%D0%BE%D0%BD%D0%BE%D1%87%D0%BD%D1%8B%D1%85_%D1%82%D0%B5%D1%80%D0%BC%D0%B8%D0%BD%D0%BE%D0%B2;0;картингист=>гонщик=>водитель
КАРТОФЕЛЕВОД;специались;'картофелевод - Специалист по картофелеводству';'https://dic.academic.ru/dic.nsf/ogegova/80930';;
КАРТОФЕЛЕВОД;фермер;'Валентин Леконцев – один из ведущих картофелеводов и один из старейших фермеров Удмуртии. Свое КФХ под названием «Кузьмичево» он открыл еще в далеком 2002 году. Фермерствует мужчина уже 17 лет, из года в год получая стабильные урожаи «второго хлеба».';'http://mcx.ru/press-service/regions/lyudi-truda-kartofelevod-valentin-lekontsev-iz-udmurtii/';;
КАРТОФЕЛЕВОД;овощевод;;;;
КАРТОФЕЛЕВОД;растеньевод;;;;
КАРТОФЕЛЕВОД;человек;;;;
КАРТУЗ;головной убор;Картуз — мужской головной убор, имевший распространение в XVI — начале XX века в Северной и Восточной Европе (больше всего у немцев, голландцев и русских).';'https://ru.wikipedia.org/wiki/%D0%9A%D0%B0%D1%80%D1%82%D1%83%D0%B7';;
КАРТУЗ;мешок;'Картуз - Бумажный мешок для чего-н. сыпучего устар..';;;
КАРТУЗ;фуражка ;'картуз - мешок из нетлеющей ткани, содержащий метательный заряд пороха для орудий раздельного заряжания ? Для каждой скорострельной пищали полагается 150 картузов.';'https://ru.wiktionary.org/wiki/%D0%BA%D0%B0%D1%80%D1%82%D1%83%D0%B7';;
КАРТУЗ;предмет гардероба ;;;;
КАРТУЗ;одежда;;;;
КАСТЕЛЯНША;заведующая;кастелянка - Заведующая бельём в больнице, доме отдыха, гостинице и т. п.';https://spanwords.info/answer.php?key=88ab135bcd37956637a9b4508526d2c0&id=314922;;
КАСТЕЛЯНША;сотрудница;'Кастелянша - это сотрудница, ведающая хранением и выдачей одежды и белья.';'https://www.profguide.io/professions/Kastelyansha.html';;
КАСТЕЛЯНША;человек;;;;
КАСТЕЛЯНША;род дейстельности ;;;;
КАСТЕЛЯНША;сотрудник;;;;
КАСТОМИЗАЦИЯ;рыночный тренд;Кастомизация еще недавно считалась одним из основных рыночных трендов. ';https://www.ippnou.ru/print/007120/;;
КАСТОМИЗАЦИЯ;индивидуализация продукции;'Кастомизация (от англ. to customize — настраивать, изменять что-то, делая более подходящим под нужды конкретного потребителя) — индивидуализация продукции под заказы конкретных потребителей путём внесения конструктивных или дизайнерских изменений (обычно — на конечных стадиях производственного цикла). Например, нанесение рисунка на приобретаемую в интернет-магазине футболку по заявке покупателя или изготовление свадебного торта с поздравительной надписью.';'';;
КАСТОМИЗАЦИЯ;адаптация ;'Кастомизация (customization) — адаптация массового продукта под запросы конкретного потребителя путем частичного изменения продукции под конкретный запрос, доукомплектования товара дополнительными элементами или принадлежностями.  Термин происхолдит от английского customer — клиент, потребитель.';'';;
КАСТОМИЗАЦИЯ;маркетинговая тактика;'Кастомизация — маркетинговая тактика мотивации покупателя к приобретению продукции, включающая инструменты продуктового маркетинга, торгового маркетинга и консьюмер сервис.  С точки зрения производства, под кастомизацией понимается способность выполнения разового заказа изменения или адаптации серийного изделия на серийном производстве по индивидуальным характеристикам и по желанию заказчика.';'';;
КАСТОМИЗАЦИЯ;изменение; Эта новая тенденция преимущественно западных компаний – кастомизация – изменение традиционного товара/услуги под запросы отдельных потребителей.';'';;
КАТЕХИЗИС;;"'Катехи?зис (лат. catech?sis; от др.-греч. ?????????? — «поучение, наставление»; ???????? = ???? «вниз» + ???? «звук» — «внушать, отвечать») — официальный вероисповедный документ какой-либо конфессии; огласительное наставление; книга, содержащая основные положения вероучения, часто изложенные в виде вопросов и ответов.'";'https://ru.wikipedia.org/wiki/%D0%9A%D0%B0%D1%82%D0%B5%D1%85%D0%B8%D0%B7%D0%B8%D1%81';;
КАТЕХИЗИС;;'Катехизисом называют руководство, которое содержит основные положения христианского вероучения. То есть, это своего рода элементарный учебник веры, где изложены самые основы догматики и христианской нравственности. Но часто с этим словом, как правило, ассоциируется что-то совершенно сухое и скучное, оторванное от жизни. Катехизис представляется набором по большому счету ничего не говорящих правил и формул, и тогда к нему более чем к чему-либо еще, казалось бы, применимы слова Гете «суха, мой друг, теория везде, а древо жизни пышно зеленеет».';'https://foma.ru/katexizis-oglashenie.html';;
КАТЕХИЗИС;;'Впрочем, если катехизис – это действительно учебник веры, то почему же он все-таки воспринимается как что-то предельно скучное? Ведь никто же не считает скучным, скажем, букварь. Однако в этом древнегреческом слове есть еще одно его значение, которое может помочь понять, почему и при каких условиях катехизис начинают ассоциировать с чем-то занудным и ненужным.';'https://foma.ru/katexizis-oglashenie.html';;
КАТЕХИЗИС;;"'[греч. ?????????; лат. catechismus, catechesis], жанр христ. вероучительной лит-ры. Как пособие для первоначального усвоения наиболее важных понятий и положений вероучения и церковной жизни К. предполагает краткость, ясность и однозначность изложения и, как правило, исключает рассмотрение и критику различных мнений по тем или иным спорным вопросам. Для К. характерна тезисная форма изложения материала в связи с тем, что, с одной стороны, на практике он обычно предназначался для заучивания наизусть, с др. стороны - как учебное пособие, предполагал устные разъяснения наставника или учителя. Дидактизм К. выражен в необязательной, но характерной для этого вида религ. лит-ры форме вопросов и ответов, предполагающих беседу ученика и учителя.'";'';;
КАТЕХИЗИС;;;;;
КАТОРЖАНИН;;;;;
КАТОРЖАНИН;;;;;
КАТОРЖАНИН;;;;;
КАТОРЖАНИН;;;;;
КАТОРЖАНИН;;'Человек, бывший на каторге (за политическую деятельность).';'https://www.google.com/search?q=%D0%9A%D0%90%D0%A2%D0%9E%D0%A0%D0%96%D0%90%D0%9D%D0%98%D0%9D&oq=%D0%9A%D0%90%D0%A2%D0%9E%D0%A0%D0%96%D0%90%D0%9D%D0%98%D0%9D&aqs=chrome..69i57j0l7.428j0j9&sourceid=chrome&ie=UTF-8';;
КАТЫШЕК;;'Пупочные катышки — комочки из пушистых тканевых волокон и пыли, периодически образующиеся к концу дня в пупках людей, чаще всего у мужчин с волосатыми животами. Цвет пупочных катышков, как правило, соответствует цвету носимой человеком одежды.Пупочные катышки являлись предметом нескольких опросов и исследований, причём не только журналистских, но и научных. В частности, в 2001 году профессор из Сиднейского университета Карл Крушельницки провёл социологический опрос, в котором его респонденты высказывали.';'https://kartaslov.ru/%D0%B7%D0%BD%D0%B0%D1%87%D0%B5%D0%BD%D0%B8%D0%B5-%D1%81%D0%BB%D0%BE%D0%B2%D0%B0/%D0%BA%D0%B0%D1%82%D1%8B%D1%88%D0%B5%D0%BA';;
КАТЫШЕК;;;;;
КАТЫШЕК;;;;;
КАТЫШЕК;;;;;
КАТЫШЕК;;"'катыш — КАТЫШ -а; м. Разг. 1. Круглый комок, скатанный шарик из какого-л. мягкого вещества. К. хлеба, воска. // Округлый, окатанный камень. 2. Небольшой чурбан, круглый обрубок дерева. ? Катышек, -шка; м. Уменьш. Вымесить тесто без единого катышка.'";'Источник: https://gufo.me/dict/ozhegov/%D0%BA%D0%B0%D1%82%D1%8B%D1%88';;
КАУСТИК;;'«Каустик» — крупное промышленное предприятие Волгограда, один из лидеров российской химической индустрии и основное предприятие Группы компаний «Никохим». АО «Каустик» занимает первое место в России по производству каустической соды и является единственным в России производителем гранулированного каустика.';'https://ru.wikipedia.org/wiki/%D0%9A%D0%B0%D1%83%D1%81%D1%82%D0%B8%D0%BA_(%D0%BF%D1%80%D0%B5%D0%B4%D0%BF%D1%80%D0%B8%D1%8F%D1%82%D0%B8%D0%B5,_%D0%92%D0%BE%D0%BB%D0%B3%D0%BE%D0%B3%D1%80%D0%B0%D0%B4)';;
КАУСТИК;;'Каустик — техническое название едких щелочей.';'';;
КАУСТИК;;;;;
КАУСТИК;;;;;
КАУСТИК;;'Из-за очень большой химической активности щелочных металлов едкие щёлочи долгое время не удавалось разложить и они потому считались простыми веществами. Одним из первых предположение о сложном составе едких щелочей высказал Лавуазье. Основываясь на своей теории о том, что все простые вещества могут окисляться, Лавуазье решил, что едкие щёлочи — это уже окисленные сложные вещества. Однако подтвердить это удалось лишь Дэви в начале XIX века после применения им электрохимии[2].';'';;
КАШПО;;;;;
КАШПО;;'Кашпо? (от фр. cache-pot, букв. «прятать горшок») — декоративный сосуд без отверстий в нижней части, внутрь которого ставится горшок с растением.';'https://ru.wikipedia.org/wiki/%D0%9A%D0%B0%D1%88%D0%BF%D0%BE';;
КАШПО;;'Декоративная ваза для цветочного горшка.';;;
КАШПО;;'КАШПО — (фр. cache pot). Украшения для простых цветочных горшков.';'https://dic.academic.ru/dic.nsf/ogegova/81794';;
КАШПО;;'кашпо — КАШПО, неизм., ср Вместилище из керамики или пластмассы, среднего или малого размера, изящной формы, открытое, предназначенное для цветочного горшка и украшения помещени';'https://dic.academic.ru/dic.nsf/ogegova/81794';;
КАЯКИНГ;;'Каякинг — один из видов водного туризма, спорта или активного отдыха на воде с использованием судна, которое называется каяк. Человек, занимающийся каякингом, называется каякером.';'https://ru.wikipedia.org/wiki/%D0%9A%D0%B0%D1%8F%D0%BA%D0%B8%D0%BD%D0%B3';;
КАЯКИНГ;;'Каякинг – это вид экстремального спорта, который появился относительно недавно. Он представляет собой сплав по бурной рекена одноместном судне, который и называется каяком. Чаще судно рассчитано на одно место, но может быть и двухместным.';'https://ru.wikipedia.org/wiki/%D0%9A%D0%B0%D1%8F%D0%BA%D0%B8%D0%BD%D0%B3';;
КАЯКИНГ;;'Морской каякинг — это путешествия по озерам, морям, океанам, равнинным рекам и водохранилищам. Морской туристический каякинг – это сплав по относительно водной глади.';'https://ru.wikipedia.org/wiki/%D0%9A%D0%B0%D1%8F%D0%BA%D0%B8%D0%BD%D0%B3';;
КАЯКИНГ;;;;;
КАЯКИНГ;;'Каякинг на бурной воде – это движение в бурном потоке воды.';'https://ru.wikipedia.org/wiki/%D0%9A%D0%B0%D1%8F%D0%BA%D0%B8%D0%BD%D0%B3';;
